map_name,guard_type,seed,captured,capture_time,backtrack_count,coverage_rate,avg_distance,first_detect_time
Miami,FSM,1000,False,60.0,4.333333333333333,0.33156498673740054,14.083333333333334,60
Miami,FSM,1037,False,60.0,3.6666666666666665,0.3129973474801061,15.6,60
Miami,FSM,1074,True,57.0,3.6666666666666665,0.3793103448275862,5.543859649122807,9
Miami,FSM,1111,False,60.0,0.0,0.3448275862068966,21.5,60
Miami,FSM,1148,False,60.0,4.666666666666667,0.32891246684350134,10.416666666666666,21
Miami,FSM,1185,False,60.0,1.0,0.33156498673740054,25.866666666666667,60
Miami,FSM,1222,True,58.0,4.0,0.33156498673740054,14.017241379310345,46
Miami,FSM,1259,False,60.0,5.666666666666667,0.32625994694960214,18.883333333333333,60
Miami,FSM,1296,False,60.0,2.6666666666666665,0.32891246684350134,19.366666666666667,60
Miami,FSM,1333,True,33.0,2.6666666666666665,0.22015915119363394,10.606060606060606,25
Miami,FSM,1370,False,60.0,4.0,0.33687002652519893,16.25,60
Miami,FSM,1407,False,60.0,0.6666666666666666,0.35013262599469497,16.333333333333332,60
Miami,FSM,1444,False,60.0,1.6666666666666667,0.3660477453580902,16.783333333333335,60
Miami,FSM,1481,False,60.0,2.0,0.35013262599469497,22.166666666666668,60
Miami,FSM,1518,False,60.0,1.3333333333333333,0.33687002652519893,20.166666666666668,60
Miami,FSM,1555,False,60.0,4.0,0.3183023872679045,16.1,60
Miami,FSM,1592,False,60.0,0.3333333333333333,0.3660477453580902,21.816666666666666,60
Miami,FSM,1629,False,60.0,4.0,0.2891246684350133,19.75,60
Miami,FSM,1666,False,60.0,3.6666666666666665,0.3050397877984085,24.0,60
Miami,FSM,1703,False,60.0,3.6666666666666665,0.2891246684350133,15.05,60
Miami,FSM,1740,False,60.0,4.0,0.2864721485411141,19.616666666666667,60
Miami,FSM,1777,False,60.0,0.0,0.3395225464190981,19.8,60
Miami,FSM,1814,True,25.0,0.3333333333333333,0.1856763925729443,10.2,19
Miami,FSM,1851,False,60.0,1.0,0.3395225464190981,21.533333333333335,60
Miami,FSM,1888,False,60.0,2.3333333333333335,0.3209549071618037,16.633333333333333,60
Miami,FSM,1925,False,60.0,3.3333333333333335,0.33687002652519893,21.933333333333334,60
Miami,FSM,1962,False,60.0,0.3333333333333333,0.33687002652519893,22.066666666666666,60
Miami,FSM,1999,False,60.0,2.0,0.3209549071618037,19.366666666666667,60
Miami,FSM,2036,False,60.0,3.3333333333333335,0.3660477453580902,17.35,60
Miami,FSM,2073,False,60.0,3.0,0.3156498673740053,18.766666666666666,60
Miami,FSM,2110,False,60.0,0.0,0.35013262599469497,17.85,60
Miami,FSM,2147,False,60.0,2.0,0.3209549071618037,17.733333333333334,60
Miami,FSM,2184,False,60.0,1.0,0.3209549071618037,23.116666666666667,60
Miami,FSM,2221,False,60.0,3.3333333333333335,0.30238726790450926,21.033333333333335,60
Miami,FSM,2258,False,60.0,2.3333333333333335,0.38992042440318303,13.466666666666667,59
Miami,FSM,2295,False,60.0,1.3333333333333333,0.35013262599469497,14.833333333333334,60
Miami,FSM,2332,False,60.0,2.6666666666666665,0.3793103448275862,21.333333333333332,60
Miami,FSM,2369,False,60.0,1.6666666666666667,0.3687002652519894,18.166666666666668,60
Miami,FSM,2406,False,60.0,2.0,0.27055702917771884,19.766666666666666,60
Miami,FSM,2443,False,60.0,3.0,0.3448275862068966,18.65,60
Miami,FSM,2480,False,60.0,2.3333333333333335,0.38992042440318303,18.033333333333335,60
Miami,FSM,2517,False,60.0,1.3333333333333333,0.3395225464190981,16.716666666666665,60
Miami,FSM,2554,False,60.0,2.0,0.3156498673740053,20.316666666666666,60
Miami,FSM,2591,False,60.0,2.6666666666666665,0.32360742705570295,22.0,60
Miami,FSM,2628,False,60.0,1.6666666666666667,0.35278514588859416,15.566666666666666,60
Miami,FSM,2665,False,60.0,2.3333333333333335,0.33421750663129973,19.066666666666666,60
Miami,FSM,2702,False,60.0,2.0,0.36074270557029176,19.883333333333333,60
Miami,FSM,2739,False,60.0,1.6666666666666667,0.33687002652519893,18.7,59
Miami,FSM,2776,False,60.0,2.0,0.35809018567639256,17.85,60
Miami,FSM,2813,False,60.0,5.0,0.3103448275862069,17.433333333333334,60
Miami,CPF,1000,True,47.0,1.3333333333333333,0.33421750663129973,8.97872340425532,24
Miami,CPF,1037,True,33.0,0.0,0.2625994694960212,13.272727272727273,27
Miami,CPF,1074,True,16.0,0.3333333333333333,0.13262599469496023,7.1875,10
Miami,CPF,1111,True,54.0,1.0,0.3819628647214854,14.796296296296296,45
Miami,CPF,1148,True,20.0,0.3333333333333333,0.16445623342175067,8.6,13
Miami,CPF,1185,True,32.0,0.0,0.2625994694960212,17.03125,27
Miami,CPF,1222,True,20.0,0.0,0.16710875331564987,10.1,14
Miami,CPF,1259,True,24.0,0.0,0.1989389920424403,9.875,17
Miami,CPF,1296,True,22.0,0.0,0.1830238726790451,11.0,17
Miami,CPF,1333,True,28.0,1.0,0.20424403183023873,8.035714285714286,10
Miami,CPF,1370,True,22.0,0.0,0.18037135278514588,10.909090909090908,16
Miami,CPF,1407,True,15.0,0.0,0.1273209549071618,7.6,10
Miami,CPF,1444,True,30.0,1.0,0.22281167108753316,7.666666666666667,15
Miami,CPF,1481,True,24.0,0.0,0.1989389920424403,12.0,19
Miami,CPF,1518,True,32.0,0.0,0.259946949602122,9.46875,20
Miami,CPF,1555,True,35.0,1.0,0.27851458885941643,9.6,29
Miami,CPF,1592,False,60.0,0.0,0.40848806366047746,14.966666666666667,58
Miami,CPF,1629,True,30.0,0.6666666666666666,0.2413793103448276,12.933333333333334,24
Miami,CPF,1666,True,26.0,0.0,0.21485411140583555,12.153846153846153,19
Miami,CPF,1703,True,32.0,0.0,0.2493368700265252,8.34375,21
Miami,CPF,1740,True,17.0,0.0,0.14323607427055704,7.588235294117647,11
Miami,CPF,1777,True,34.0,0.3333333333333333,0.27586206896551724,15.117647058823529,28
Miami,CPF,1814,True,22.0,0.0,0.1830238726790451,8.181818181818182,14
Miami,CPF,1851,True,54.0,0.0,0.4297082228116711,14.37037037037037,48
Miami,CPF,1888,True,22.0,0.0,0.1830238726790451,12.090909090909092,17
Miami,CPF,1925,True,38.0,0.0,0.29708222811671087,12.921052631578947,33
Miami,CPF,1962,True,24.0,0.0,0.1989389920424403,12.0,19
Miami,CPF,1999,False,60.0,1.0,0.41644562334217505,9.433333333333334,24
Miami,CPF,2036,True,22.0,0.6666666666666666,0.17771883289124668,10.136363636363637,16
Miami,CPF,2073,True,27.0,0.0,0.22281167108753316,13.37037037037037,22
Miami,CPF,2110,True,48.0,0.3333333333333333,0.32891246684350134,20.270833333333332,44
Miami,CPF,2147,True,54.0,0.0,0.36074270557029176,13.277777777777779,48
Miami,CPF,2184,True,60.0,0.3333333333333333,0.4482758620689655,10.1,24
Miami,CPF,2221,True,21.0,0.0,0.17506631299734748,9.666666666666666,14
Miami,CPF,2258,True,23.0,0.0,0.18037135278514588,9.652173913043478,16
Miami,CPF,2295,True,26.0,0.0,0.21485411140583555,11.73076923076923,20
Miami,CPF,2332,True,47.0,0.0,0.3740053050397878,13.48936170212766,41
Miami,CPF,2369,True,31.0,0.0,0.23076923076923078,7.67741935483871,21
Miami,CPF,2406,False,60.0,0.0,0.4535809018567639,7.9,21
Miami,CPF,2443,False,60.0,0.0,0.4403183023872679,14.05,58
Miami,CPF,2480,True,32.0,0.0,0.22546419098143236,6.46875,11
Miami,CPF,2517,True,24.0,0.0,0.1989389920424403,10.958333333333334,18
Miami,CPF,2554,False,60.0,0.0,0.376657824933687,13.366666666666667,60
Miami,CPF,2591,False,60.0,1.0,0.3978779840848806,10.833333333333334,27
Miami,CPF,2628,True,17.0,0.0,0.14323607427055704,8.823529411764707,11
Miami,CPF,2665,True,27.0,0.6666666666666666,0.21750663129973474,11.592592592592593,20
Miami,CPF,2702,True,32.0,1.0,0.2546419098143236,12.6875,28
Miami,CPF,2739,True,52.0,0.0,0.40318302387267907,13.326923076923077,46
Miami,CPF,2776,True,60.0,0.3333333333333333,0.4350132625994695,10.65,28
Miami,CPF,2813,True,17.0,0.0,0.14323607427055704,8.588235294117647,11
Miami,PI-PF,1000,True,30.0,1.0,0.23607427055702918,12.3,24
Miami,PI-PF,1037,True,34.0,0.3333333333333333,0.27320954907161804,13.029411764705882,27
Miami,PI-PF,1074,True,16.0,0.3333333333333333,0.13262599469496023,7.1875,10
Miami,PI-PF,1111,True,50.0,0.6666666666666666,0.3660477453580902,15.74,45
Miami,PI-PF,1148,True,20.0,0.3333333333333333,0.16445623342175067,8.6,13
Miami,PI-PF,1185,True,32.0,0.0,0.2625994694960212,17.03125,27
Miami,PI-PF,1222,True,20.0,0.0,0.16710875331564987,10.1,14
Miami,PI-PF,1259,True,25.0,0.6666666666666666,0.20159151193633953,9.6,17
Miami,PI-PF,1296,True,26.0,0.0,0.21485411140583555,9.961538461538462,17
Miami,PI-PF,1333,True,41.0,2.3333333333333335,0.2917771883289125,6.951219512195122,10
Miami,PI-PF,1370,True,23.0,0.3333333333333333,0.1856763925729443,10.478260869565217,16
Miami,PI-PF,1407,True,15.0,0.0,0.1273209549071618,7.6,10
Miami,PI-PF,1444,False,60.0,0.3333333333333333,0.3952254641909814,9.316666666666666,15
Miami,PI-PF,1481,True,24.0,0.0,0.1989389920424403,12.0,19
Miami,PI-PF,1518,True,25.0,0.0,0.20424403183023873,11.44,20
Miami,PI-PF,1555,True,35.0,1.0,0.27586206896551724,9.6,29
Miami,PI-PF,1592,False,60.0,0.0,0.40848806366047746,14.966666666666667,58
Miami,PI-PF,1629,True,30.0,0.6666666666666666,0.2413793103448276,12.933333333333334,24
Miami,PI-PF,1666,True,26.0,0.3333333333333333,0.21220159151193635,12.153846153846153,19
Miami,PI-PF,1703,True,27.0,0.0,0.22281167108753316,9.333333333333334,21
Miami,PI-PF,1740,True,22.0,0.6666666666666666,0.17771883289124668,6.818181818181818,11
Miami,PI-PF,1777,True,34.0,0.3333333333333333,0.27586206896551724,15.029411764705882,28
Miami,PI-PF,1814,True,23.0,0.3333333333333333,0.1883289124668435,7.913043478260869,14
Miami,PI-PF,1851,False,60.0,0.0,0.46684350132625996,13.7,48
Miami,PI-PF,1888,True,23.0,0.0,0.1909814323607427,11.565217391304348,17
Miami,PI-PF,1925,True,38.0,0.0,0.29973474801061006,12.921052631578947,33
Miami,PI-PF,1962,True,24.0,0.0,0.1989389920424403,12.0,19
Miami,PI-PF,1999,True,31.0,0.6666666666666666,0.2493368700265252,12.774193548387096,24
Miami,PI-PF,2036,True,22.0,0.6666666666666666,0.17771883289124668,10.136363636363637,16
Miami,PI-PF,2073,True,27.0,0.3333333333333333,0.22015915119363394,13.37037037037037,22
Miami,PI-PF,2110,True,49.0,0.6666666666666666,0.33156498673740054,19.857142857142858,44
Miami,PI-PF,2147,False,60.0,0.0,0.3925729442970822,12.816666666666666,48
Miami,PI-PF,2184,True,37.0,0.0,0.29973474801061006,13.0,24
Miami,PI-PF,2221,True,21.0,0.0,0.17506631299734748,9.666666666666666,14
Miami,PI-PF,2258,True,42.0,0.3333333333333333,0.2625994694960212,7.523809523809524,16
Miami,PI-PF,2295,True,32.0,0.0,0.2625994694960212,10.4375,20
Miami,PI-PF,2332,True,50.0,1.3333333333333333,0.38461538461538464,12.74,41
Miami,PI-PF,2369,True,27.0,0.0,0.21220159151193635,8.37037037037037,21
Miami,PI-PF,2406,True,26.0,0.0,0.21485411140583555,11.692307692307692,21
Miami,PI-PF,2443,False,60.0,0.0,0.4403183023872679,14.05,58
Miami,PI-PF,2480,True,17.0,0.0,0.14323607427055704,8.823529411764707,11
Miami,PI-PF,2517,True,31.0,0.3333333333333333,0.2519893899204244,8.903225806451612,18
Miami,PI-PF,2554,False,60.0,0.0,0.376657824933687,13.366666666666667,60
Miami,PI-PF,2591,True,33.0,0.6666666666666666,0.2519893899204244,15.606060606060606,27
Miami,PI-PF,2628,True,17.0,0.0,0.14323607427055704,8.823529411764707,11
Miami,PI-PF,2665,True,27.0,0.6666666666666666,0.21750663129973474,11.592592592592593,20
Miami,PI-PF,2702,True,32.0,1.3333333333333333,0.2519893899204244,12.6875,28
Miami,PI-PF,2739,True,52.0,0.0,0.40318302387267907,13.326923076923077,46
Miami,PI-PF,2776,True,34.0,0.0,0.27851458885941643,15.235294117647058,28
Miami,PI-PF,2813,True,18.0,1.0,0.14323607427055704,8.277777777777779,11
Miami,RL-Q,1000,True,26.0,0.0,0.1989389920424403,9.461538461538462,19
Miami,RL-Q,1037,True,28.0,4.0,0.1273209549071618,11.678571428571429,23
Miami,RL-Q,1074,True,50.0,19.333333333333332,0.18037135278514588,8.84,45
Miami,RL-Q,1111,False,60.0,16.333333333333332,0.28116710875331563,7.85,15
Miami,RL-Q,1148,True,24.0,0.6666666666666666,0.1856763925729443,8.166666666666666,17
Miami,RL-Q,1185,True,54.0,1.0,0.29973474801061006,13.148148148148149,33
Miami,RL-Q,1222,True,58.0,4.333333333333333,0.33156498673740054,6.5344827586206895,14
Miami,RL-Q,1259,True,24.0,1.0,0.1909814323607427,9.791666666666666,17
Miami,RL-Q,1296,False,60.0,5.666666666666667,0.22811671087533156,9.5,23
Miami,RL-Q,1333,True,39.0,3.3333333333333335,0.21750663129973474,6.82051282051282,10
Miami,RL-Q,1370,True,42.0,2.0,0.2917771883289125,7.642857142857143,17
Miami,RL-Q,1407,False,60.0,2.0,0.2891246684350133,7.666666666666667,16
Miami,RL-Q,1444,True,29.0,1.3333333333333333,0.1724137931034483,12.0,20
Miami,RL-Q,1481,True,24.0,0.3333333333333333,0.17506631299734748,12.0,19
Miami,RL-Q,1518,True,25.0,1.6666666666666667,0.15915119363395225,10.4,16
Miami,RL-Q,1555,True,28.0,3.3333333333333335,0.14058355437665782,9.714285714285714,20
Miami,RL-Q,1592,False,60.0,5.0,0.3129973474801061,9.016666666666667,23
Miami,RL-Q,1629,False,60.0,11.666666666666666,0.32891246684350134,9.9,21
Miami,RL-Q,1666,True,48.0,2.3333333333333335,0.2440318302387268,10.3125,19
Miami,RL-Q,1703,False,60.0,5.0,0.32891246684350134,9.5,13
Miami,RL-Q,1740,True,53.0,2.0,0.23076923076923078,8.50943396226415,22
Miami,RL-Q,1777,True,41.0,2.3333333333333335,0.21750663129973474,11.390243902439025,26
Miami,RL-Q,1814,True,43.0,6.333333333333333,0.2625994694960212,7.232558139534884,20
Miami,RL-Q,1851,False,60.0,6.333333333333333,0.3395225464190981,13.55,46
Miami,RL-Q,1888,False,60.0,21.0,0.23872679045092837,14.1,17
Miami,RL-Q,1925,True,44.0,6.0,0.2440318302387268,12.181818181818182,27
Miami,RL-Q,1962,True,29.0,2.6666666666666665,0.15649867374005305,11.241379310344827,22
Miami,RL-Q,1999,True,35.0,5.333333333333333,0.21750663129973474,8.714285714285714,21
Miami,RL-Q,2036,True,30.0,4.666666666666667,0.20954907161803712,11.366666666666667,23
Miami,RL-Q,2073,True,25.0,0.6666666666666666,0.14854111405835543,11.16,17
Miami,RL-Q,2110,True,20.0,2.3333333333333335,0.13527851458885942,9.6,14
Miami,RL-Q,2147,True,52.0,6.666666666666667,0.2413793103448276,6.788461538461538,12
Miami,RL-Q,2184,False,60.0,2.6666666666666665,0.3129973474801061,11.3,24
Miami,RL-Q,2221,True,45.0,2.0,0.29708222811671087,7.844444444444444,14
Miami,RL-Q,2258,True,25.0,1.0,0.1989389920424403,8.92,16
Miami,RL-Q,2295,True,25.0,6.333333333333333,0.09814323607427056,9.4,19
Miami,RL-Q,2332,False,60.0,6.333333333333333,0.1989389920424403,9.633333333333333,18
Miami,RL-Q,2369,True,35.0,0.3333333333333333,0.246684350132626,6.314285714285714,10
Miami,RL-Q,2406,False,60.0,9.666666666666666,0.21485411140583555,8.8,17
Miami,RL-Q,2443,True,25.0,2.6666666666666665,0.14588859416445624,10.96,19
Miami,RL-Q,2480,True,37.0,0.0,0.2572944297082228,8.0,11
Miami,RL-Q,2517,True,23.0,2.3333333333333335,0.16180371352785147,7.739130434782608,14
Miami,RL-Q,2554,True,23.0,1.3333333333333333,0.14058355437665782,10.478260869565217,15
Miami,RL-Q,2591,True,49.0,0.3333333333333333,0.2917771883289125,13.816326530612244,43
Miami,RL-Q,2628,True,25.0,0.6666666666666666,0.1724137931034483,10.0,19
Miami,RL-Q,2665,True,53.0,2.6666666666666665,0.259946949602122,10.150943396226415,24
Miami,RL-Q,2702,False,60.0,10.333333333333334,0.33156498673740054,6.716666666666667,21
Miami,RL-Q,2739,True,39.0,1.3333333333333333,0.22281167108753316,7.666666666666667,14
Miami,RL-Q,2776,True,20.0,1.0,0.1220159151193634,9.2,14
Miami,RL-Q,2813,True,24.0,3.3333333333333335,0.1724137931034483,8.333333333333334,15
