episode_id,system_type,player_bot_type,npc_survival_time,player_survival_time,npc_won,player_won,npc_hits,player_hits,state_transition_count,average_post_attack_response_latency,final_adaptive_retreat_threshold,final_adaptive_detection_range
87,Adaptive FSM,DEFENSIVE BOT,30.00,30.33,TRUE,FALSE,4,3,9,0.132,0.00,200.0
1,Basic FSM,AGGRESSIVE BOT,30.00,30.00,FALSE,FALSE,13,13,4,0.229,0.25,200.0
88,Adaptive FSM,DEFENSIVE BOT,30.00,30.33,TRUE,FALSE,6,5,13,0.050,0.00,200.0
2,Basic FSM,AGGRESSIVE BOT,30.33,30.00,FALSE,TRUE,12,14,3,0.296,0.25,200.0
89,Adaptive FSM,DEFENSIVE BOT,30.00,30.33,TRUE,FALSE,6,5,13,0.050,0.00,200.0
3,Basic FSM,AGGRESSIVE BOT,30.33,30.00,FALSE,TRUE,12,13,3,0.444,0.25,200.0
90,Adaptive FSM,DEFENSIVE BOT,30.00,30.33,TRUE,FALSE,3,2,7,0.087,0.00,200.0
4,Basic FSM,AGGRESSIVE BOT,30.33,30.00,FALSE,TRUE,12,13,3,0.456,0.25,200.0
91,Adaptive FSM,DEFENSIVE BOT,30.00,30.33,TRUE,FALSE,3,2,7,0.466,0.00,200.0
5,Basic FSM,AGGRESSIVE BOT,21.00,30.00,FALSE,TRUE,12,17,5,0.176,0.25,200.0
92,Adaptive FSM,DEFENSIVE BOT,30.00,30.00,FALSE,FALSE,2,2,5,0.412,0.00,200.0
6,Basic FSM,AGGRESSIVE BOT,30.33,30.00,FALSE,TRUE,12,13,3,0.310,0.25,200.0
93,Adaptive FSM,DEFENSIVE BOT,30.00,30.33,TRUE,FALSE,5,1,11,0.082,0.00,200.0
7,Basic FSM,AGGRESSIVE BOT,30.33,30.00,FALSE,TRUE,12,13,9,0.162,0.25,200.0
94,Adaptive FSM,DEFENSIVE BOT,30.00,30.33,TRUE,FALSE,4,3,9,0.070,0.00,200.0
8,Basic FSM,AGGRESSIVE BOT,30.33,30.00,FALSE,TRUE,12,13,3,0.294,0.25,200.0
95,Adaptive FSM,DEFENSIVE BOT,30.00,30.00,FALSE,FALSE,3,3,7,0.212,0.00,200.0
9,Basic FSM,AGGRESSIVE BOT,21.67,30.00,FALSE,TRUE,12,17,8,0.240,0.25,200.0
10,Basic FSM,AGGRESSIVE BOT,19.67,30.00,FALSE,TRUE,12,17,5,0.233,0.25,200.0
96,Adaptive FSM,DEFENSIVE BOT,30.00,30.33,TRUE,FALSE,6,3,13,0.054,0.00,200.0
11,Basic FSM,AGGRESSIVE BOT,30.00,30.33,TRUE,FALSE,14,13,3,0.345,0.25,200.0
97,Adaptive FSM,DEFENSIVE BOT,30.00,30.33,TRUE,FALSE,3,2,7,0.277,0.00,200.0
12,Basic FSM,AGGRESSIVE BOT,30.00,30.00,FALSE,FALSE,13,13,5,0.185,0.25,200.0
98,Adaptive FSM,DEFENSIVE BOT,30.00,30.33,TRUE,FALSE,3,2,7,0.111,0.00,200.0
13,Basic FSM,AGGRESSIVE BOT,30.00,30.33,TRUE,FALSE,15,13,13,0.100,0.25,200.0
99,Adaptive FSM,DEFENSIVE BOT,30.00,30.00,FALSE,FALSE,8,8,17,0.107,0.25,220.0
14,Basic FSM,AGGRESSIVE BOT,30.00,30.33,TRUE,FALSE,16,13,9,0.123,0.25,200.0
100,Adaptive FSM,DEFENSIVE BOT,30.00,30.33,TRUE,FALSE,4,2,9,0.174,0.00,200.0
15,Basic FSM,AGGRESSIVE BOT,30.00,30.00,FALSE,FALSE,13,13,5,0.193,0.25,200.0
101,Basic FSM,RANDOM BOT,30.00,30.33,TRUE,FALSE,11,9,21,0.063,0.25,200.0
16,Basic FSM,AGGRESSIVE BOT,30.00,30.00,FALSE,FALSE,13,13,5,0.182,0.25,200.0
102,Basic FSM,RANDOM BOT,30.00,30.33,TRUE,FALSE,11,9,17,0.133,0.25,200.0
17,Basic FSM,AGGRESSIVE BOT,30.33,30.00,FALSE,TRUE,12,13,5,0.231,0.25,200.0
103,Basic FSM,RANDOM BOT,30.00,30.33,TRUE,FALSE,11,10,21,0.104,0.25,200.0
18,Basic FSM,AGGRESSIVE BOT,30.00,30.00,FALSE,FALSE,13,13,9,0.208,0.25,200.0
104,Basic FSM,RANDOM BOT,30.00,30.33,TRUE,FALSE,13,9,21,0.062,0.25,200.0
19,Basic FSM,AGGRESSIVE BOT,22.33,30.00,FALSE,TRUE,12,17,11,0.126,0.25,200.0
105,Basic FSM,RANDOM BOT,30.00,30.33,TRUE,FALSE,12,9,15,0.090,0.25,200.0
20,Basic FSM,AGGRESSIVE BOT,30.00,30.00,FALSE,FALSE,13,13,5,0.226,0.25,200.0
106,Basic FSM,RANDOM BOT,30.00,30.33,TRUE,FALSE,16,12,9,0.148,0.25,200.0
21,Basic FSM,AGGRESSIVE BOT,30.33,30.00,FALSE,TRUE,12,13,8,0.178,0.25,200.0
107,Basic FSM,RANDOM BOT,30.00,30.33,TRUE,FALSE,7,6,16,0.088,0.25,200.0
22,Basic FSM,AGGRESSIVE BOT,21.67,30.00,FALSE,TRUE,14,17,5,0.238,0.25,200.0
108,Basic FSM,RANDOM BOT,30.00,30.33,TRUE,FALSE,15,13,9,0.189,0.25,200.0
23,Basic FSM,AGGRESSIVE BOT,30.33,30.00,FALSE,TRUE,12,13,3,0.405,0.25,200.0
109,Basic FSM,RANDOM BOT,30.00,30.33,TRUE,FALSE,12,9,11,0.088,0.25,200.0
24,Basic FSM,AGGRESSIVE BOT,30.00,30.00,FALSE,FALSE,13,13,3,0.313,0.25,200.0
110,Basic FSM,RANDOM BOT,30.00,30.33,TRUE,FALSE,9,7,16,0.119,0.25,200.0
25,Basic FSM,AGGRESSIVE BOT,30.00,30.00,FALSE,FALSE,13,13,5,0.250,0.25,200.0
111,Basic FSM,RANDOM BOT,30.00,30.33,TRUE,FALSE,6,4,9,0.188,0.25,200.0
26,Adaptive FSM,AGGRESSIVE BOT,30.00,22.33,TRUE,FALSE,17,15,4,0.146,0.00,200.0
27,Adaptive FSM,AGGRESSIVE BOT,30.00,20.33,TRUE,FALSE,17,16,2,0.382,0.00,200.0
112,Basic FSM,RANDOM BOT,30.00,30.33,TRUE,FALSE,9,8,10,0.165,0.25,200.0
28,Adaptive FSM,AGGRESSIVE BOT,30.00,30.33,TRUE,FALSE,14,13,3,0.533,0.25,220.0
113,Basic FSM,RANDOM BOT,30.00,30.33,TRUE,FALSE,14,12,19,0.110,0.25,200.0
29,Adaptive FSM,AGGRESSIVE BOT,30.00,21.00,TRUE,FALSE,17,12,6,0.135,0.00,200.0
114,Basic FSM,RANDOM BOT,30.00,30.33,TRUE,FALSE,8,7,13,0.062,0.25,200.0
30,Adaptive FSM,AGGRESSIVE BOT,30.00,20.00,TRUE,FALSE,17,16,4,0.175,0.00,200.0
31,Adaptive FSM,AGGRESSIVE BOT,20.00,30.00,FALSE,TRUE,16,17,2,0.285,0.00,200.0
115,Basic FSM,RANDOM BOT,30.00,30.33,TRUE,FALSE,9,8,17,0.089,0.25,200.0
32,Adaptive FSM,AGGRESSIVE BOT,30.00,20.67,TRUE,FALSE,17,16,6,0.081,0.00,200.0
116,Basic FSM,RANDOM BOT,30.00,30.33,TRUE,FALSE,8,5,8,0.101,0.25,200.0
33,Adaptive FSM,AGGRESSIVE BOT,20.00,30.00,FALSE,TRUE,16,17,7,0.219,0.00,200.0
117,Basic FSM,RANDOM BOT,30.00,30.33,TRUE,FALSE,15,13,23,0.128,0.25,200.0
34,Adaptive FSM,AGGRESSIVE BOT,30.00,21.67,TRUE,FALSE,17,16,2,0.167,0.00,200.0
35,Adaptive FSM,AGGRESSIVE BOT,20.67,30.00,FALSE,TRUE,16,17,6,0.304,0.00,200.0
118,Basic FSM,RANDOM BOT,30.00,30.33,TRUE,FALSE,10,8,17,0.172,0.25,200.0
36,Adaptive FSM,AGGRESSIVE BOT,30.00,24.33,TRUE,FALSE,17,14,6,0.155,0.00,200.0
119,Basic FSM,RANDOM BOT,30.00,30.33,TRUE,FALSE,11,8,14,0.107,0.25,200.0
37,Adaptive FSM,AGGRESSIVE BOT,30.00,19.67,TRUE,FALSE,17,16,8,0.126,0.00,200.0
120,Basic FSM,RANDOM BOT,30.00,30.33,TRUE,FALSE,14,11,12,0.159,0.25,200.0
38,Adaptive FSM,AGGRESSIVE BOT,30.00,23.67,TRUE,FALSE,17,16,8,0.142,0.00,200.0
39,Adaptive FSM,AGGRESSIVE BOT,30.00,22.00,TRUE,FALSE,17,16,4,0.271,0.00,200.0
121,Basic FSM,RANDOM BOT,30.00,30.33,TRUE,FALSE,10,8,16,0.068,0.25,200.0
40,Adaptive FSM,AGGRESSIVE BOT,30.00,19.67,TRUE,FALSE,17,15,8,0.125,0.00,200.0
122,Basic FSM,RANDOM BOT,30.00,30.33,TRUE,FALSE,13,8,15,0.105,0.25,200.0
41,Adaptive FSM,AGGRESSIVE BOT,30.00,21.33,TRUE,FALSE,17,15,4,0.203,0.00,200.0
42,Adaptive FSM,AGGRESSIVE BOT,30.00,22.00,TRUE,FALSE,17,16,4,0.208,0.00,200.0
123,Basic FSM,RANDOM BOT,30.00,30.33,TRUE,FALSE,8,7,17,0.050,0.25,200.0
43,Adaptive FSM,AGGRESSIVE BOT,30.00,20.33,TRUE,FALSE,17,16,4,0.335,0.00,200.0
124,Basic FSM,RANDOM BOT,30.00,30.33,TRUE,FALSE,12,9,17,0.092,0.25,200.0
44,Adaptive FSM,AGGRESSIVE BOT,19.67,30.00,FALSE,TRUE,16,17,2,0.108,0.00,200.0
45,Adaptive FSM,AGGRESSIVE BOT,30.00,21.33,TRUE,FALSE,17,16,4,0.203,0.00,200.0
125,Basic FSM,RANDOM BOT,30.00,30.33,TRUE,FALSE,15,14,6,0.207,0.25,200.0
46,Adaptive FSM,AGGRESSIVE BOT,21.67,30.00,FALSE,TRUE,14,17,7,0.168,0.25,220.0
126,Adaptive FSM,RANDOM BOT,30.00,30.33,TRUE,FALSE,13,11,17,0.074,0.00,200.0
47,Adaptive FSM,AGGRESSIVE BOT,30.00,22.33,TRUE,FALSE,17,16,2,0.167,0.00,200.0
127,Adaptive FSM,RANDOM BOT,30.00,30.33,TRUE,FALSE,8,7,11,0.079,0.00,200.0
48,Adaptive FSM,AGGRESSIVE BOT,30.00,21.67,TRUE,FALSE,17,16,6,0.354,0.00,200.0
49,Adaptive FSM,AGGRESSIVE BOT,30.00,23.00,TRUE,FALSE,17,15,4,0.250,0.00,200.0
128,Adaptive FSM,RANDOM BOT,30.00,30.33,TRUE,FALSE,15,12,20,0.070,0.15,260.0
50,Adaptive FSM,AGGRESSIVE BOT,21.00,30.00,FALSE,TRUE,16,17,6,0.288,0.00,200.0
129,Adaptive FSM,RANDOM BOT,30.00,30.33,TRUE,FALSE,8,6,12,0.109,0.00,200.0
51,Basic FSM,DEFENSIVE BOT,30.00,30.33,TRUE,FALSE,4,3,9,0.186,0.25,200.0
130,Adaptive FSM,RANDOM BOT,30.00,30.33,TRUE,FALSE,5,4,7,0.230,0.00,200.0
52,Basic FSM,DEFENSIVE BOT,30.00,30.33,TRUE,FALSE,4,3,9,0.146,0.25,200.0
131,Adaptive FSM,RANDOM BOT,30.00,30.33,TRUE,FALSE,11,8,23,0.068,0.00,200.0
53,Basic FSM,DEFENSIVE BOT,30.00,30.33,TRUE,FALSE,4,3,9,0.167,0.25,200.0
132,Adaptive FSM,RANDOM BOT,30.00,28.33,TRUE,FALSE,17,15,8,0.110,0.00,200.0
54,Basic FSM,DEFENSIVE BOT,30.00,30.33,TRUE,FALSE,4,2,9,0.172,0.25,200.0
133,Adaptive FSM,RANDOM BOT,30.00,30.33,TRUE,FALSE,15,11,16,0.086,0.00,200.0
55,Basic FSM,DEFENSIVE BOT,30.00,30.33,TRUE,FALSE,11,8,12,0.107,0.25,200.0
134,Adaptive FSM,RANDOM BOT,30.00,30.33,TRUE,FALSE,8,7,15,0.069,0.00,200.0
56,Basic FSM,DEFENSIVE BOT,30.00,30.00,FALSE,FALSE,7,7,15,0.059,0.25,200.0
135,Adaptive FSM,RANDOM BOT,30.00,30.33,TRUE,FALSE,10,7,19,0.078,0.00,200.0
57,Basic FSM,DEFENSIVE BOT,22.00,30.00,FALSE,TRUE,13,17,3,0.319,0.25,200.0
136,Adaptive FSM,RANDOM BOT,30.00,30.33,TRUE,FALSE,9,8,11,0.075,0.00,200.0
58,Basic FSM,DEFENSIVE BOT,30.00,30.33,TRUE,FALSE,6,4,13,0.130,0.25,200.0
137,Adaptive FSM,RANDOM BOT,30.00,30.33,TRUE,FALSE,11,10,22,0.040,0.00,200.0
59,Basic FSM,DEFENSIVE BOT,30.33,30.00,FALSE,TRUE,13,14,9,0.133,0.25,200.0
138,Adaptive FSM,RANDOM BOT,30.00,30.33,TRUE,FALSE,10,8,8,0.082,0.00,200.0
60,Basic FSM,DEFENSIVE BOT,30.00,30.33,TRUE,FALSE,5,4,9,0.086,0.25,200.0
139,Adaptive FSM,RANDOM BOT,30.00,30.33,TRUE,FALSE,13,12,6,0.333,0.00,200.0
61,Basic FSM,DEFENSIVE BOT,30.00,30.33,TRUE,FALSE,6,4,13,0.070,0.25,200.0
140,Adaptive FSM,RANDOM BOT,30.00,30.33,TRUE,FALSE,8,6,14,0.114,0.00,200.0
62,Basic FSM,DEFENSIVE BOT,30.00,30.33,TRUE,FALSE,8,6,17,0.091,0.25,200.0
141,Adaptive FSM,RANDOM BOT,30.00,22.00,TRUE,FALSE,17,14,4,0.099,0.00,200.0
63,Basic FSM,DEFENSIVE BOT,30.00,30.33,TRUE,FALSE,5,3,11,0.155,0.25,200.0
142,Adaptive FSM,RANDOM BOT,30.00,26.67,TRUE,FALSE,17,14,6,0.263,0.00,200.0
64,Basic FSM,DEFENSIVE BOT,30.00,30.00,FALSE,FALSE,4,4,6,0.292,0.25,200.0
143,Adaptive FSM,RANDOM BOT,30.00,30.33,TRUE,FALSE,14,11,6,0.298,0.00,200.0
65,Basic FSM,DEFENSIVE BOT,30.00,30.33,TRUE,FALSE,6,4,13,0.036,0.25,200.0
144,Adaptive FSM,RANDOM BOT,30.00,30.00,FALSE,FALSE,6,6,11,0.210,0.00,200.0
66,Basic FSM,DEFENSIVE BOT,30.00,30.33,TRUE,FALSE,6,5,13,0.115,0.25,200.0
145,Adaptive FSM,RANDOM BOT,30.00,30.33,TRUE,FALSE,13,10,12,0.062,0.00,200.0
67,Basic FSM,DEFENSIVE BOT,30.00,30.33,TRUE,FALSE,3,1,7,0.205,0.25,200.0
146,Adaptive FSM,RANDOM BOT,30.00,30.33,TRUE,FALSE,2,1,5,0.287,0.00,200.0
68,Basic FSM,DEFENSIVE BOT,30.00,30.33,TRUE,FALSE,6,4,12,0.157,0.25,200.0
147,Adaptive FSM,RANDOM BOT,30.00,30.33,TRUE,FALSE,10,7,15,0.139,0.00,200.0
69,Basic FSM,DEFENSIVE BOT,30.00,30.33,TRUE,FALSE,7,5,15,0.115,0.25,200.0
148,Adaptive FSM,RANDOM BOT,30.00,30.00,TRUE,FALSE,17,13,2,0.221,0.00,200.0
70,Basic FSM,DEFENSIVE BOT,30.00,30.33,TRUE,FALSE,4,3,9,0.164,0.25,200.0
149,Adaptive FSM,RANDOM BOT,30.00,30.33,TRUE,FALSE,10,8,9,0.204,0.00,200.0
150,Adaptive FSM,RANDOM BOT,30.00,24.67,TRUE,FALSE,17,13,2,0.230,0.00,200.0
71,Basic FSM,DEFENSIVE BOT,30.00,30.00,FALSE,FALSE,6,6,13,0.138,0.25,200.0
72,Basic FSM,DEFENSIVE BOT,30.00,30.33,TRUE,FALSE,6,4,13,0.068,0.25,200.0
73,Basic FSM,DEFENSIVE BOT,30.00,30.33,TRUE,FALSE,6,5,13,0.083,0.25,200.0
74,Basic FSM,DEFENSIVE BOT,30.00,30.00,FALSE,FALSE,3,3,7,0.165,0.25,200.0
75,Basic FSM,DEFENSIVE BOT,30.00,30.33,TRUE,FALSE,6,5,13,0.072,0.25,200.0
76,Adaptive FSM,DEFENSIVE BOT,30.00,30.33,TRUE,FALSE,4,1,9,0.105,0.00,200.0
77,Adaptive FSM,DEFENSIVE BOT,30.00,30.33,TRUE,FALSE,5,3,11,0.063,0.00,200.0
78,Adaptive FSM,DEFENSIVE BOT,30.00,30.33,TRUE,FALSE,8,7,16,0.039,0.00,200.0
79,Adaptive FSM,DEFENSIVE BOT,30.00,30.33,TRUE,FALSE,2,1,5,0.333,0.00,200.0
80,Adaptive FSM,DEFENSIVE BOT,30.00,30.00,FALSE,FALSE,2,2,5,0.500,0.00,200.0
81,Adaptive FSM,DEFENSIVE BOT,30.00,30.33,TRUE,FALSE,5,3,11,0.141,0.00,200.0
82,Adaptive FSM,DEFENSIVE BOT,30.00,30.33,TRUE,FALSE,3,0,7,0.097,0.00,200.0
83,Adaptive FSM,DEFENSIVE BOT,30.00,30.33,TRUE,FALSE,3,2,7,0.273,0.00,200.0
84,Adaptive FSM,DEFENSIVE BOT,30.00,30.33,TRUE,FALSE,8,5,17,0.043,0.00,200.0
85,Adaptive FSM,DEFENSIVE BOT,30.00,30.33,TRUE,FALSE,4,2,9,0.171,0.00,200.0
86,Adaptive FSM,DEFENSIVE BOT,30.00,30.33,TRUE,FALSE,5,4,13,0.077,0.00,200.0
87,Adaptive FSM,DEFENSIVE BOT,30.00,30.33,TRUE,FALSE,5,3,11,0.061,0.00,200.0
88,Adaptive FSM,DEFENSIVE BOT,30.00,30.33,TRUE,FALSE,5,4,11,0.072,0.00,200.0
89,Adaptive FSM,DEFENSIVE BOT,30.00,30.33,TRUE,FALSE,5,3,11,0.060,0.00,200.0
90,Adaptive FSM,DEFENSIVE BOT,30.00,30.33,TRUE,FALSE,3,2,7,0.200,0.00,200.0
91,Adaptive FSM,DEFENSIVE BOT,30.00,30.00,FALSE,FALSE,3,3,7,0.108,0.00,200.0
92,Adaptive FSM,DEFENSIVE BOT,30.00,30.33,TRUE,FALSE,5,4,10,0.119,0.00,200.0
93,Adaptive FSM,DEFENSIVE BOT,30.00,30.33,TRUE,FALSE,6,4,13,0.053,0.00,200.0
94,Adaptive FSM,DEFENSIVE BOT,30.00,30.33,TRUE,FALSE,1,0,3,0.417,0.00,200.0
95,Adaptive FSM,DEFENSIVE BOT,30.00,30.00,FALSE,FALSE,8,8,10,0.100,0.00,200.0
96,Adaptive FSM,DEFENSIVE BOT,30.00,30.33,TRUE,FALSE,3,1,7,0.266,0.00,200.0
97,Adaptive FSM,DEFENSIVE BOT,30.00,30.33,TRUE,FALSE,1,0,3,0.392,0.00,200.0
98,Adaptive FSM,DEFENSIVE BOT,30.00,30.33,TRUE,FALSE,8,6,12,0.093,0.00,200.0
99,Adaptive FSM,DEFENSIVE BOT,30.00,30.33,TRUE,FALSE,8,6,17,0.049,0.00,200.0
100,Adaptive FSM,DEFENSIVE BOT,30.00,30.33,TRUE,FALSE,4,3,9,0.069,0.00,200.0
101,Basic FSM,RANDOM BOT,30.00,30.33,TRUE,FALSE,14,11,19,0.094,0.25,200.0
102,Basic FSM,RANDOM BOT,30.00,30.33,TRUE,FALSE,10,8,15,0.101,0.25,200.0
103,Basic FSM,RANDOM BOT,30.00,30.33,TRUE,FALSE,6,4,6,0.229,0.25,200.0
104,Basic FSM,RANDOM BOT,30.00,30.33,TRUE,FALSE,12,8,18,0.068,0.25,200.0
105,Basic FSM,RANDOM BOT,30.00,30.33,TRUE,FALSE,9,7,15,0.123,0.25,200.0
106,Basic FSM,RANDOM BOT,30.00,30.33,TRUE,FALSE,8,5,19,0.090,0.25,200.0
107,Basic FSM,RANDOM BOT,30.00,30.33,TRUE,FALSE,11,7,20,0.050,0.25,200.0
108,Basic FSM,RANDOM BOT,30.00,30.33,TRUE,FALSE,9,6,19,0.086,0.25,200.0
109,Basic FSM,RANDOM BOT,30.00,30.33,TRUE,FALSE,8,6,13,0.142,0.25,200.0
110,Basic FSM,RANDOM BOT,30.00,30.33,TRUE,FALSE,10,8,11,0.162,0.25,200.0
111,Basic FSM,RANDOM BOT,30.00,30.33,TRUE,FALSE,10,9,18,0.079,0.25,200.0
112,Basic FSM,RANDOM BOT,30.00,30.33,TRUE,FALSE,9,5,15,0.073,0.25,200.0
113,Basic FSM,RANDOM BOT,30.00,30.33,TRUE,FALSE,6,4,9,0.179,0.25,200.0
114,Basic FSM,RANDOM BOT,30.00,30.33,TRUE,FALSE,10,6,17,0.054,0.25,200.0
115,Basic FSM,RANDOM BOT,30.00,30.33,TRUE,FALSE,5,4,11,0.170,0.25,200.0
116,Basic FSM,RANDOM BOT,30.00,30.33,TRUE,FALSE,14,9,12,0.079,0.25,200.0
117,Basic FSM,RANDOM BOT,30.00,30.33,TRUE,FALSE,11,9,17,0.054,0.25,200.0
118,Basic FSM,RANDOM BOT,30.00,30.33,TRUE,FALSE,9,8,12,0.093,0.25,200.0
119,Basic FSM,RANDOM BOT,30.00,30.00,FALSE,FALSE,10,10,16,0.057,0.25,200.0
120,Basic FSM,RANDOM BOT,30.00,30.33,TRUE,FALSE,9,7,17,0.092,0.25,200.0
121,Basic FSM,RANDOM BOT,30.00,30.00,FALSE,FALSE,8,8,10,0.155,0.25,200.0
122,Basic FSM,RANDOM BOT,30.00,30.33,TRUE,FALSE,5,4,10,0.215,0.25,200.0
123,Basic FSM,RANDOM BOT,30.00,30.00,FALSE,FALSE,4,4,8,0.250,0.25,200.0
124,Basic FSM,RANDOM BOT,30.00,30.33,TRUE,FALSE,7,3,13,0.113,0.25,200.0
125,Basic FSM,RANDOM BOT,30.00,30.33,TRUE,FALSE,15,13,3,0.396,0.25,200.0
126,Adaptive FSM,RANDOM BOT,30.00,27.67,TRUE,FALSE,17,12,6,0.160,0.00,200.0
127,Adaptive FSM,RANDOM BOT,30.00,30.33,TRUE,FALSE,14,10,20,0.103,0.00,200.0
128,Adaptive FSM,RANDOM BOT,30.00,30.33,TRUE,FALSE,15,13,6,0.242,0.15,260.0
129,Adaptive FSM,RANDOM BOT,30.00,30.33,TRUE,FALSE,8,7,13,0.107,0.00,200.0
130,Adaptive FSM,RANDOM BOT,30.00,30.33,TRUE,FALSE,7,6,12,0.065,0.00,200.0
131,Adaptive FSM,RANDOM BOT,30.00,30.33,TRUE,FALSE,10,6,17,0.071,0.00,200.0
132,Adaptive FSM,RANDOM BOT,30.00,30.33,TRUE,FALSE,3,2,4,0.479,0.00,200.0
133,Adaptive FSM,RANDOM BOT,30.00,30.33,TRUE,FALSE,14,11,18,0.056,0.00,200.0
134,Adaptive FSM,RANDOM BOT,30.00,30.33,TRUE,FALSE,10,9,15,0.093,0.00,200.0
135,Adaptive FSM,RANDOM BOT,30.00,30.33,TRUE,FALSE,8,7,17,0.064,0.00,200.0
136,Adaptive FSM,RANDOM BOT,30.00,30.33,TRUE,FALSE,11,8,10,0.128,0.00,200.0
137,Adaptive FSM,RANDOM BOT,30.00,30.33,TRUE,FALSE,8,6,15,0.094,0.00,200.0
138,Adaptive FSM,RANDOM BOT,30.00,30.33,TRUE,FALSE,8,6,11,0.123,0.00,200.0
139,Adaptive FSM,RANDOM BOT,30.00,30.33,TRUE,FALSE,7,5,15,0.127,0.00,200.0
140,Adaptive FSM,RANDOM BOT,30.00,30.33,TRUE,FALSE,14,12,14,0.051,0.00,200.0
141,Adaptive FSM,RANDOM BOT,30.00,30.33,TRUE,FALSE,11,8,7,0.228,0.00,200.0
142,Adaptive FSM,RANDOM BOT,30.00,30.33,TRUE,FALSE,10,6,19,0.054,0.00,200.0
143,Adaptive FSM,RANDOM BOT,30.00,30.33,TRUE,FALSE,11,9,18,0.088,0.00,200.0
144,Adaptive FSM,RANDOM BOT,30.00,30.33,TRUE,FALSE,7,6,14,0.079,0.00,200.0
145,Adaptive FSM,RANDOM BOT,30.00,29.33,TRUE,FALSE,17,14,10,0.076,0.00,200.0
146,Adaptive FSM,RANDOM BOT,30.00,30.00,FALSE,FALSE,8,8,10,0.234,0.00,200.0
147,Adaptive FSM,RANDOM BOT,30.00,30.33,TRUE,FALSE,15,12,11,0.111,0.00,200.0
148,Adaptive FSM,RANDOM BOT,30.00,30.33,TRUE,FALSE,13,9,8,0.158,0.00,200.0
149,Adaptive FSM,RANDOM BOT,30.00,30.33,TRUE,FALSE,9,6,9,0.138,0.00,200.0
150,Adaptive FSM,RANDOM BOT,30.00,30.33,TRUE,FALSE,11,8,17,0.077,0.00,200.0
