episode_id,system_type,player_bot_type,npc_survival_time,player_survival_time,npc_won,player_won,npc_hits,player_hits,state_transition_count,average_response_time,final_adaptive_retreat_threshold,final_adaptive_detection_range
1,Basic FSM,AGGRESSIVE BOT,17.33,30.00,FALSE,TRUE,12,17,5,0.361,0.25,200.0
2,Basic FSM,AGGRESSIVE BOT,18.17,30.00,FALSE,TRUE,13,17,5,0.396,0.25,200.0
3,Basic FSM,AGGRESSIVE BOT,17.17,30.00,FALSE,TRUE,12,17,5,0.361,0.25,200.0
4,Basic FSM,AGGRESSIVE BOT,17.83,30.00,FALSE,TRUE,13,17,5,0.394,0.25,200.0
5,Basic FSM,AGGRESSIVE BOT,17.17,30.00,FALSE,TRUE,12,17,5,0.361,0.25,200.0
6,Basic FSM,AGGRESSIVE BOT,17.67,30.00,FALSE,TRUE,13,17,5,0.396,0.25,200.0
7,Basic FSM,AGGRESSIVE BOT,18.00,30.00,FALSE,TRUE,13,17,5,0.394,0.25,200.0
8,Basic FSM,AGGRESSIVE BOT,18.00,30.00,FALSE,TRUE,13,17,5,0.394,0.25,200.0
9,Basic FSM,AGGRESSIVE BOT,17.33,30.00,FALSE,TRUE,12,17,5,0.361,0.25,200.0
10,Basic FSM,AGGRESSIVE BOT,17.83,30.00,FALSE,TRUE,13,17,5,0.396,0.25,200.0
11,Basic FSM,AGGRESSIVE BOT,17.17,30.00,FALSE,TRUE,12,17,5,0.361,0.25,200.0
12,Basic FSM,AGGRESSIVE BOT,17.17,30.00,FALSE,TRUE,12,17,5,0.361,0.25,200.0
13,Basic FSM,AGGRESSIVE BOT,18.17,30.00,FALSE,TRUE,12,17,5,0.361,0.25,200.0
14,Basic FSM,AGGRESSIVE BOT,18.00,30.00,FALSE,TRUE,13,17,5,0.396,0.25,200.0
15,Basic FSM,AGGRESSIVE BOT,17.17,30.00,FALSE,TRUE,12,17,5,0.361,0.25,200.0
16,Basic FSM,AGGRESSIVE BOT,17.00,30.00,FALSE,TRUE,12,17,5,0.361,0.25,200.0
17,Basic FSM,AGGRESSIVE BOT,17.33,30.00,FALSE,TRUE,12,17,5,0.361,0.25,200.0
18,Basic FSM,AGGRESSIVE BOT,18.83,30.00,FALSE,TRUE,13,17,5,0.396,0.25,200.0
19,Basic FSM,AGGRESSIVE BOT,18.00,30.00,FALSE,TRUE,13,17,5,0.396,0.25,200.0
20,Basic FSM,AGGRESSIVE BOT,18.17,30.00,FALSE,TRUE,13,17,5,0.394,0.25,200.0
21,Basic FSM,AGGRESSIVE BOT,17.83,30.00,FALSE,TRUE,12,17,5,0.361,0.25,200.0
22,Basic FSM,AGGRESSIVE BOT,17.33,30.00,FALSE,TRUE,12,17,5,0.361,0.25,200.0
23,Basic FSM,AGGRESSIVE BOT,17.17,30.00,FALSE,TRUE,12,17,5,0.361,0.25,200.0
24,Basic FSM,AGGRESSIVE BOT,17.17,30.00,FALSE,TRUE,12,17,5,0.361,0.25,200.0
25,Basic FSM,AGGRESSIVE BOT,17.17,30.00,FALSE,TRUE,12,17,5,0.361,0.25,200.0
26,Adaptive FSM,AGGRESSIVE BOT,30.00,16.50,TRUE,FALSE,17,12,4,0.094,0.00,200.0
27,Adaptive FSM,AGGRESSIVE BOT,30.00,17.00,TRUE,FALSE,17,12,4,0.544,0.00,200.0
28,Adaptive FSM,AGGRESSIVE BOT,30.00,16.67,TRUE,FALSE,17,13,4,0.544,0.00,200.0
29,Adaptive FSM,AGGRESSIVE BOT,30.00,16.50,TRUE,FALSE,17,12,4,0.548,0.00,200.0
30,Adaptive FSM,AGGRESSIVE BOT,30.00,16.67,TRUE,FALSE,17,14,4,0.537,0.00,200.0
31,Adaptive FSM,AGGRESSIVE BOT,30.00,16.50,TRUE,FALSE,17,13,4,0.537,0.00,200.0
32,Adaptive FSM,AGGRESSIVE BOT,30.00,16.67,TRUE,FALSE,17,13,4,0.549,0.00,200.0
33,Adaptive FSM,AGGRESSIVE BOT,30.00,16.50,TRUE,FALSE,17,14,4,0.539,0.00,200.0
34,Adaptive FSM,AGGRESSIVE BOT,30.00,16.67,TRUE,FALSE,17,11,4,0.539,0.00,200.0
35,Adaptive FSM,AGGRESSIVE BOT,30.00,16.50,TRUE,FALSE,17,11,4,0.544,0.00,200.0
36,Adaptive FSM,AGGRESSIVE BOT,30.00,16.50,TRUE,FALSE,17,14,4,0.537,0.00,200.0
37,Adaptive FSM,AGGRESSIVE BOT,30.00,16.50,TRUE,FALSE,17,14,4,0.535,0.00,200.0
38,Adaptive FSM,AGGRESSIVE BOT,30.00,16.83,TRUE,FALSE,17,8,4,0.532,0.00,200.0
39,Adaptive FSM,AGGRESSIVE BOT,30.00,16.83,TRUE,FALSE,17,6,4,0.537,0.00,200.0
40,Adaptive FSM,AGGRESSIVE BOT,30.00,16.67,TRUE,FALSE,17,13,4,0.090,0.00,200.0
41,Adaptive FSM,AGGRESSIVE BOT,30.00,16.33,TRUE,FALSE,17,14,4,0.539,0.00,200.0
42,Adaptive FSM,AGGRESSIVE BOT,30.00,16.67,TRUE,FALSE,17,12,4,0.539,0.00,200.0
43,Adaptive FSM,AGGRESSIVE BOT,30.00,16.83,TRUE,FALSE,17,12,4,0.551,0.00,200.0
44,Adaptive FSM,AGGRESSIVE BOT,30.00,16.83,TRUE,FALSE,17,13,4,0.544,0.00,200.0
45,Adaptive FSM,AGGRESSIVE BOT,30.00,17.00,TRUE,FALSE,17,13,4,0.544,0.00,200.0
46,Adaptive FSM,AGGRESSIVE BOT,30.00,16.50,TRUE,FALSE,17,13,4,0.539,0.00,200.0
47,Adaptive FSM,AGGRESSIVE BOT,30.00,16.83,TRUE,FALSE,17,15,4,0.532,0.00,200.0
48,Adaptive FSM,AGGRESSIVE BOT,30.00,16.50,TRUE,FALSE,17,14,4,0.540,0.00,200.0
49,Adaptive FSM,AGGRESSIVE BOT,30.00,16.50,TRUE,FALSE,17,14,4,0.532,0.00,200.0
50,Adaptive FSM,AGGRESSIVE BOT,30.00,16.67,TRUE,FALSE,17,14,4,0.535,0.00,200.0
51,Basic FSM,DEFENSIVE BOT,22.83,30.00,FALSE,TRUE,12,17,5,0.634,0.25,200.0
52,Basic FSM,DEFENSIVE BOT,22.67,30.00,FALSE,TRUE,12,17,9,0.183,0.25,200.0
53,Basic FSM,DEFENSIVE BOT,22.67,30.00,FALSE,TRUE,12,17,9,0.255,0.25,200.0
54,Basic FSM,DEFENSIVE BOT,23.17,30.00,FALSE,TRUE,13,17,11,0.169,0.25,200.0
55,Basic FSM,DEFENSIVE BOT,26.50,30.00,FALSE,TRUE,15,17,11,0.196,0.25,200.0
56,Basic FSM,DEFENSIVE BOT,23.33,30.00,FALSE,TRUE,12,17,7,0.361,0.25,200.0
57,Basic FSM,DEFENSIVE BOT,21.83,30.00,FALSE,TRUE,12,17,7,0.250,0.25,200.0
58,Basic FSM,DEFENSIVE BOT,22.33,30.00,FALSE,TRUE,12,17,7,0.361,0.25,200.0
59,Basic FSM,DEFENSIVE BOT,22.00,30.00,FALSE,TRUE,12,17,7,0.250,0.25,200.0
60,Basic FSM,DEFENSIVE BOT,21.83,30.00,FALSE,TRUE,12,17,13,0.148,0.25,200.0
61,Basic FSM,DEFENSIVE BOT,30.00,30.00,TRUE,FALSE,14,11,19,0.079,0.25,200.0
62,Basic FSM,DEFENSIVE BOT,23.67,30.00,FALSE,TRUE,12,17,5,0.366,0.25,200.0
63,Basic FSM,DEFENSIVE BOT,30.00,21.00,TRUE,FALSE,17,12,24,0.020,0.25,200.0
64,Basic FSM,DEFENSIVE BOT,22.00,30.00,FALSE,TRUE,12,17,7,0.357,0.25,200.0
65,Basic FSM,DEFENSIVE BOT,26.83,30.00,FALSE,TRUE,14,17,13,0.144,0.25,200.0
66,Basic FSM,DEFENSIVE BOT,30.00,25.33,TRUE,FALSE,17,12,28,0.027,0.25,200.0
67,Basic FSM,DEFENSIVE BOT,26.17,30.00,FALSE,TRUE,14,17,11,0.182,0.25,200.0
68,Basic FSM,DEFENSIVE BOT,23.17,30.00,FALSE,TRUE,13,17,7,0.285,0.25,200.0
69,Basic FSM,DEFENSIVE BOT,23.50,30.00,FALSE,TRUE,13,17,7,0.394,0.25,200.0
70,Basic FSM,DEFENSIVE BOT,22.00,30.00,FALSE,TRUE,12,17,7,0.250,0.25,200.0
71,Basic FSM,DEFENSIVE BOT,22.50,30.00,FALSE,TRUE,12,17,9,0.282,0.25,200.0
72,Basic FSM,DEFENSIVE BOT,23.00,30.00,FALSE,TRUE,12,17,9,0.250,0.25,200.0
73,Basic FSM,DEFENSIVE BOT,22.67,30.00,FALSE,TRUE,12,17,9,0.183,0.25,200.0
74,Basic FSM,DEFENSIVE BOT,23.33,30.00,FALSE,TRUE,13,17,7,0.394,0.25,200.0
75,Basic FSM,DEFENSIVE BOT,22.83,30.00,FALSE,TRUE,12,17,11,0.136,0.25,200.0
76,Adaptive FSM,DEFENSIVE BOT,30.00,30.00,TRUE,FALSE,11,9,29,0.036,0.27,200.0
77,Adaptive FSM,DEFENSIVE BOT,30.00,30.00,TRUE,FALSE,12,10,27,0.034,0.27,200.0
78,Adaptive FSM,DEFENSIVE BOT,30.00,30.00,TRUE,FALSE,9,8,21,0.064,0.25,200.0
79,Adaptive FSM,DEFENSIVE BOT,30.00,30.00,TRUE,FALSE,11,6,29,0.034,0.25,200.0
80,Adaptive FSM,DEFENSIVE BOT,30.00,30.00,TRUE,FALSE,10,7,20,0.047,0.26,200.0
81,Adaptive FSM,DEFENSIVE BOT,30.00,30.00,TRUE,FALSE,9,8,21,0.118,0.25,200.0
82,Adaptive FSM,DEFENSIVE BOT,30.00,30.00,TRUE,FALSE,10,8,25,0.100,0.25,200.0
83,Adaptive FSM,DEFENSIVE BOT,30.00,30.00,TRUE,FALSE,9,6,21,0.088,0.25,200.0
84,Adaptive FSM,DEFENSIVE BOT,30.00,30.00,TRUE,FALSE,13,8,29,0.033,0.13,200.0
85,Adaptive FSM,DEFENSIVE BOT,30.00,30.00,FALSE,TRUE,14,15,46,0.040,0.27,200.0
86,Adaptive FSM,DEFENSIVE BOT,30.00,30.00,TRUE,FALSE,11,9,22,0.152,0.28,200.0
87,Adaptive FSM,DEFENSIVE BOT,30.00,30.00,TRUE,FALSE,12,11,29,0.030,0.25,200.0
88,Adaptive FSM,DEFENSIVE BOT,30.00,30.00,TRUE,FALSE,11,8,23,0.060,0.25,200.0
89,Adaptive FSM,DEFENSIVE BOT,30.00,30.00,FALSE,FALSE,13,13,36,0.022,0.25,200.0
90,Adaptive FSM,DEFENSIVE BOT,30.00,30.00,TRUE,FALSE,11,10,23,0.078,0.28,200.0
91,Adaptive FSM,DEFENSIVE BOT,30.00,30.00,TRUE,FALSE,10,7,18,0.088,0.25,200.0
92,Adaptive FSM,DEFENSIVE BOT,30.00,30.00,TRUE,FALSE,10,8,27,0.033,0.25,200.0
93,Adaptive FSM,DEFENSIVE BOT,30.00,30.00,TRUE,FALSE,13,9,33,0.060,0.27,200.0
94,Adaptive FSM,DEFENSIVE BOT,30.00,30.00,TRUE,FALSE,14,12,34,0.035,0.25,200.0
95,Adaptive FSM,DEFENSIVE BOT,30.00,30.00,TRUE,FALSE,12,10,27,0.053,0.28,200.0
96,Adaptive FSM,DEFENSIVE BOT,30.00,30.00,FALSE,FALSE,10,10,27,0.107,0.25,200.0
97,Adaptive FSM,DEFENSIVE BOT,30.00,30.00,TRUE,FALSE,9,8,23,0.086,0.25,200.0
98,Adaptive FSM,DEFENSIVE BOT,30.00,30.00,FALSE,FALSE,9,9,20,0.145,0.27,200.0
99,Adaptive FSM,DEFENSIVE BOT,30.00,30.00,TRUE,FALSE,9,5,21,0.084,0.25,200.0
100,Adaptive FSM,DEFENSIVE BOT,30.00,30.00,TRUE,FALSE,12,11,23,0.070,0.21,200.0
101,Basic FSM,RANDOM BOT,30.00,22.17,TRUE,FALSE,17,9,10,0.122,0.25,200.0
102,Basic FSM,RANDOM BOT,30.00,21.83,TRUE,FALSE,17,12,16,0.167,0.25,200.0
103,Basic FSM,RANDOM BOT,30.00,28.67,TRUE,FALSE,17,7,28,0.064,0.25,200.0
104,Basic FSM,RANDOM BOT,30.00,30.00,TRUE,FALSE,16,10,26,0.057,0.25,200.0
105,Basic FSM,RANDOM BOT,30.00,21.33,TRUE,FALSE,17,7,20,0.064,0.25,200.0
106,Basic FSM,RANDOM BOT,30.00,25.50,TRUE,FALSE,17,7,30,0.066,0.25,200.0
107,Basic FSM,RANDOM BOT,30.00,25.33,TRUE,FALSE,17,10,20,0.067,0.25,200.0
108,Basic FSM,RANDOM BOT,30.00,19.50,TRUE,FALSE,17,10,18,0.077,0.25,200.0
109,Basic FSM,RANDOM BOT,30.00,25.00,TRUE,FALSE,17,7,20,0.093,0.25,200.0
110,Basic FSM,RANDOM BOT,30.00,26.00,TRUE,FALSE,17,10,20,0.158,0.25,200.0
111,Basic FSM,RANDOM BOT,30.00,23.50,TRUE,FALSE,17,11,22,0.087,0.25,200.0
112,Basic FSM,RANDOM BOT,30.00,24.83,TRUE,FALSE,17,11,16,0.115,0.25,200.0
113,Basic FSM,RANDOM BOT,30.00,30.00,TRUE,FALSE,14,8,18,0.110,0.25,200.0
114,Basic FSM,RANDOM BOT,30.00,26.50,TRUE,FALSE,17,11,32,0.053,0.25,200.0
115,Basic FSM,RANDOM BOT,30.00,24.00,TRUE,FALSE,17,8,14,0.137,0.25,200.0
116,Basic FSM,RANDOM BOT,30.00,26.00,TRUE,FALSE,17,12,18,0.099,0.25,200.0
117,Basic FSM,RANDOM BOT,30.00,29.83,TRUE,FALSE,17,9,20,0.054,0.25,200.0
118,Basic FSM,RANDOM BOT,30.00,24.17,TRUE,FALSE,17,9,20,0.042,0.25,200.0
119,Basic FSM,RANDOM BOT,30.00,22.67,TRUE,FALSE,17,10,14,0.140,0.25,200.0
120,Basic FSM,RANDOM BOT,30.00,27.50,TRUE,FALSE,17,12,22,0.083,0.25,200.0
121,Basic FSM,RANDOM BOT,30.00,20.67,TRUE,FALSE,17,11,16,0.100,0.25,200.0
122,Basic FSM,RANDOM BOT,30.00,24.33,TRUE,FALSE,17,9,16,0.169,0.25,200.0
123,Basic FSM,RANDOM BOT,30.00,30.00,TRUE,FALSE,12,7,20,0.084,0.25,200.0
124,Basic FSM,RANDOM BOT,30.00,30.00,TRUE,FALSE,16,9,24,0.077,0.25,200.0
125,Basic FSM,RANDOM BOT,30.00,30.00,TRUE,FALSE,16,12,36,0.037,0.25,200.0
126,Adaptive FSM,RANDOM BOT,30.00,28.67,TRUE,FALSE,17,8,16,0.129,0.26,200.0
127,Adaptive FSM,RANDOM BOT,30.00,29.17,TRUE,FALSE,17,11,26,0.051,0.14,200.0
128,Adaptive FSM,RANDOM BOT,30.00,30.00,TRUE,FALSE,16,11,30,0.046,0.29,200.0
129,Adaptive FSM,RANDOM BOT,30.00,30.00,TRUE,FALSE,12,8,25,0.031,0.00,200.0
130,Adaptive FSM,RANDOM BOT,30.00,21.33,TRUE,FALSE,17,11,16,0.076,0.00,200.0
131,Adaptive FSM,RANDOM BOT,30.00,30.00,TRUE,FALSE,14,12,26,0.052,0.13,200.0
132,Adaptive FSM,RANDOM BOT,30.00,30.00,TRUE,FALSE,11,8,25,0.055,0.25,200.0
133,Adaptive FSM,RANDOM BOT,30.00,30.00,TRUE,FALSE,13,8,25,0.060,0.29,200.0
134,Adaptive FSM,RANDOM BOT,30.00,30.00,TRUE,FALSE,15,10,30,0.052,0.28,200.0
135,Adaptive FSM,RANDOM BOT,30.00,24.67,TRUE,FALSE,17,10,22,0.061,0.27,200.0
136,Adaptive FSM,RANDOM BOT,30.00,29.67,TRUE,FALSE,17,11,24,0.057,0.14,200.0
137,Adaptive FSM,RANDOM BOT,30.00,30.00,TRUE,FALSE,15,10,25,0.060,0.25,200.0
138,Adaptive FSM,RANDOM BOT,30.00,30.00,TRUE,FALSE,15,10,31,0.036,0.26,200.0
139,Adaptive FSM,RANDOM BOT,30.00,22.17,TRUE,FALSE,17,10,14,0.042,0.00,200.0
140,Adaptive FSM,RANDOM BOT,30.00,25.67,TRUE,FALSE,17,12,20,0.088,0.13,200.0
141,Adaptive FSM,RANDOM BOT,30.00,30.00,TRUE,FALSE,16,10,18,0.133,0.14,200.0
142,Adaptive FSM,RANDOM BOT,30.00,30.00,TRUE,FALSE,14,9,29,0.032,0.27,200.0
143,Adaptive FSM,RANDOM BOT,30.00,30.00,TRUE,FALSE,15,8,22,0.076,0.00,200.0
144,Adaptive FSM,RANDOM BOT,30.00,30.00,TRUE,FALSE,13,10,22,0.092,0.10,200.0
145,Adaptive FSM,RANDOM BOT,30.00,30.00,TRUE,FALSE,14,10,19,0.100,0.27,200.0
146,Adaptive FSM,RANDOM BOT,30.00,30.00,TRUE,FALSE,12,8,25,0.089,0.27,200.0
147,Adaptive FSM,RANDOM BOT,30.00,30.00,TRUE,FALSE,16,12,25,0.064,0.13,200.0
148,Adaptive FSM,RANDOM BOT,30.00,30.00,TRUE,FALSE,15,6,23,0.072,0.25,200.0
149,Adaptive FSM,RANDOM BOT,30.00,30.00,TRUE,FALSE,15,8,29,0.059,0.14,200.0
150,Adaptive FSM,RANDOM BOT,30.00,30.00,TRUE,FALSE,15,12,24,0.069,0.02,200.0
